{
    "confidence_score": 0.36655092239379883,
    "ptm": 0.24102579057216644,
    "iptm": 0.0,
    "ligand_iptm": 0.0,
    "protein_iptm": 0.0,
    "complex_plddt": 0.3979322016239166,
    "complex_iplddt": 0.3979322016239166,
    "complex_pde": 3.0596816539764404,
    "complex_ipde": 0.0,
    "chains_ptm": {
        "0": 0.24102579057216644
    },
    "pair_chains_iptm": {
        "0": {
            "0": 0.24102579057216644
        }
    }
}