{
    "confidence_score": 0.380492240190506,
    "ptm": 0.26500973105430603,
    "iptm": 0.0,
    "ligand_iptm": 0.0,
    "protein_iptm": 0.0,
    "complex_plddt": 0.4093628525733948,
    "complex_iplddt": 0.4093628525733948,
    "complex_pde": 3.9712698459625244,
    "complex_ipde": 0.0,
    "chains_ptm": {
        "0": 0.26500973105430603
    },
    "pair_chains_iptm": {
        "0": {
            "0": 0.26500973105430603
        }
    }
}