{
    "confidence_score": 0.5813958644866943,
    "ptm": 0.3432740867137909,
    "iptm": 0.0,
    "ligand_iptm": 0.0,
    "protein_iptm": 0.0,
    "complex_plddt": 0.6409263014793396,
    "complex_iplddt": 0.6409263014793396,
    "complex_pde": 1.5900461673736572,
    "complex_ipde": 0.0,
    "chains_ptm": {
        "0": 0.3432740867137909
    },
    "pair_chains_iptm": {
        "0": {
            "0": 0.3432740867137909
        }
    }
}